Name,Rating,Date,flat_reviews
Glenn B,5.0,Nov 2 2024,"brings,back,,original,horror,,73"
Ricardo d,3.5,Oct 20 2024,",roteiro,trap,,premises,major,,tambov,tent,amarrar,months,com,,file,original,squanto,,,é,must,boy,never,come,,personages,seguiram,com,seas,vilas,e,,,form,que,,direção,de,,eve,zero,com,os,detached,temps,times,atuações,,padre,e,da,familiar,principal,,roteiro,,conserve,dear,clark,equal,sentido,pazuzu,terms,com,,conspiração,,file,inclusive,é,,surprise,quand,else,surge,numb,reunion,,,,conspiração,,grande,é,rending,facilmente,,que,foi,,santo,broxante,tambov,,queima,de,personages,principals,,abruptamente,consider,que,foi,prejudicial,para,,conclusion,da,historic,e,,para,,segunda,temporary,,que,é,,pen,pots,,nuclei,das,freiras,,canal,de,amiss,e,,,de,began,poderiam,render,must,mais,capitals"
Ελπίδα-Hope Z,5.0,Oct 13 2024,"best,series,ever,please,make,season,3"
Shelly S,4.5,Sep 11 2024,"full,,unexpected,twists,,turns,staying,fairly,true,,blasts,novel,,fantastic,casting,,found,season,one,,,,enjoyable,,much,,,,,willing,,overlook,,family,involvement,,,end,would,certainly,recommend"
Gypsy G,5.0,Nov 10 2023,",best,horror,series,,ever,watched,,truly,loved,,series,,,stop,watching,,acting,,,special,effects,,amazing,sad,,,canceled,,one,,,favorite,shows,,,believe,,canceled,,,great,show,,,sad,,,days,,nothing,good,,watch,,finally,,found,,great,show,,exorcise,,,,canceled,,really,sad,,amazing,show,,one,,,favorites"
Gareth v,4.0,Jun 24 2023,",intrigues,,see,,direction,,show,would,take,,,telling,,,stayed,pretty,true,,,source,material,,,make,,predictable,,,also,gives,,,makes,,franchise,,success"
Yuri  S,4.0,Jul 6 2022,"com,,historic,intricate,e,reviravoltas,que,seem,,,propósito,,exorcise,se,proximal,,original,see,forward,ou,queer,,method,,red,,tres,da,igreja,é,,arch,,planejado,e,executed"
y c,4.5,Sep 3 2021,"gripping,sucked,,,straight,away,three,episodes,,,stopped,,decided,,wait,till,,weekend,,,could,tinge"
farah r,4.0,Jun 26 2021,"compelling,characters,,,intriguing,story,make,,exorcise,,series,worth,watching"
,5.0,Mar 9 2021,",worthy,,glorious,ending,,,began,pazuzu,storyline,,,,,,plus,something,,,breath,,fresh,air,,,supernatural,horror,gene,,excellent,combination,,sorely,missed,brilliant,writing,,acting,,,series,achieved,,nothing,,seize,,,70,years,,horror,moves,,devil,rides,,,pitch,,hereditary,,would,,thought,,,still,possible,,even,make,,min,movie,based,solely,around,demon,possession,let,alone,,series,,,,,actually,terrifying,,scar,yet,,also,thoughtprovoking,,actual,horror,,,,,,see,still,pretty,scar,,written,,,atmosphere,,feeling,,get,,,see,,demon,invasion,,,corrupt,church,,law,enforcement,coupled,,,evil,,human,nature,,lack,,presence,,god,,,,tell,,,,,feeling,,influenced,,god,,demon,,world,,truly,scar,,,,run,away,,towards,,,always,,,likes,,pulaski,,lynch,,many,,,mentioned,,,end,,truly,respected,,integrity,,importance,,,screenplay,,,settle,,repetition,,,horror,flick,formula,,get,,,scars,instead,searched,,new,ways,,provide,,rich,atmosphere,,fear,,horror,,,,combination,,justified,scar,scenes,,,atmosphere,fear,,innocent,hellraiser,susperia,clair,witch,,ritual,,believes,,,handful,,others"
,5.0,Jan 8 2021,",,advertised,horror,masterpiece,,,series,,,,way,,,,marine,,hill,house"
,5.0,Nov 9 2020,"whilst,,,compare,,,classic,original,,still,,respectful,enough,,,links,,,exorcise,,,work,,feel,right"
,5.0,Oct 19 2020,",davis,,back,,,take,,hammer,,,knees,,,disagree,,extremely,interesting,move,forward,,,original,movie,,,,dear,,,heart,,acting,,sublime,,,characters,,probably,knew,,,,fed,,,original,movie,,,10,episode,continuation,,regains,life,hereafterthey,would,never,work,,thank,,,,superb,leap,forward,,,classic,horror,movie"
,2.5,Oct 4 2020,",season,,,flair,,,plot,,suffered,,convincing,special,effects,,,lack,,imagination,,,came,,demon,intentions,,special,effects"
,3.5,Aug 18 2020,"it´s,awesome,,,surprise,,without,,jumpscare,factor,,soundtrack,,,great,,,,intensive,i´d,definitely,put,,work,,,,acting,,,,Have,A,Vice,May,,,solid,helping,,character,development,grow,,,story,evolved,it´s,definitely,worth,,time,,,rainy,afternoon"
,5.0,Jul 1 2020,",wish,,,,season,3,,know,,movie,,great,,,dont,get,,,,,low,rating,,,better,,,horror,series,,,,100,recommended,series,,watch"
,5.0,Jun 8 2020,",show,,great,,fox,,want,,someone,else,,,picked,,,,streamed,,seasons,,3,dayscouldnt,stop,watching"
,5.0,Apr 13 2020,"pleasantly,surprised,,,good,,series,turned,"
,0.5,Mar 29 2020,"sucks,,bad,garage,,terrible,acting"
,4.5,Oct 31 2019,",,looking,,,good,horror,gene,,series,,,pretty,solid,,actually,surprised,,,,show,,,,,notable,television,series,,,national,network"
,5.0,Nov 23 2018,"great,show,great,characters,,interesting,story"
,5.0,Oct 27 2018,",,,netflix,series,,,,,big,screen,movie,budget,,,fantastic,job,,,topic,character,ties,back,,,original,movie,,,nice,touch,really,good,horror,effects,,conspiracy,twists,good,,maintaining,pace,,tension,,,surprise,,,really,enjoyed,"
,5.0,Jul 18 2018,"verybscary,,mainstream,,,closed,,,original,movie,plot,look,forward,,,storylines,like,,,vatican,,,,infiltrated,,demon"
,5.0,Mar 18 2018,"getting,better,,better"
Joshua W,4.5,Dec 16 2017,"one,,,best,shows,,,ever,seen"
,3.0,Dec 13 2017,",bad,,,scar,enough"
,5.0,Nov 16 2017,",show,,excellent,,sound,excellent,performances,,around,complex,characters,,great,special,effects"
,5.0,Jun 2 2017,"great,show,,love,,,,wait,,season,2"
,5.0,May 29 2017,",,horror,gene,,choice,,demon,possession,,highly,recommend,,show,,,hooked,,,first,episode,,,tinge,watched,,entire,first,season,,,matter,,days,,,horror,show,,,better,,,,cast,,superior,,,story,line,,intriguing,,,continue,,watch,,,,long,,,airs"
,0.5,May 9 2017,"even,,,,comparing,,,,original,classic,,still,,boring,vacant,waste,,time"
,5.0,Mar 12 2017,"wooooooow,esperaba,pock,de,la,series,per,al,final,,ha,sorprendido,de,form,incredible,ran,calidad,de,production,e,historic"
,5.0,Feb 17 2017,",enjoyed,,show,,,seen,,,,firing,,winged,,last,night,,hull,,,stop,watching,even,though,,,4,,,morning,,really,hope,,get,renewed"
,4.0,Feb 9 2017,",fun,,fresh,series"
,4.5,Jan 15 2017,"well,filled,engaging,script,compelling,characters,,surprised,,,show"
,5.0,Jan 9 2017,"one,,,,favourite,shows,,2016,,hope,,come,back,,season,2"
,5.0,Jan 7 2017,",hope,,get,season,2"
,5.0,Jan 7 2017,",,best,series,ever,renewtheexorcist"
,1.0,Jan 4 2017,",screenwriter,,,series,,,take,,time,,learning,,,theology,,writing,,illogical,script,first,it´s,,nonsense,,,priest,character,,based,,,sinner,life,pretends,,,,power,,cast,,demon,,,wrist,,,,sure,,believe,,second,,mistaken,idea,,demon,,,saved,,non,biblical,true,invented,,,,dramatic,solution,,find,another,way,,,ritual,formula,,,successful,exorcise,demon,cannot,,saved,,indication,,saints,dead,relatives,,,virgin,mary,adds,,invention,,realism,,justify,,exorcise,,,name,,come,holy,people,,,cast,,demon,,,,,,know,jesus,said,,yes,satan,,apparently,retreat,,,exercises,,,,deceive,people,,,,,real,authority,,cast,,demon,,,bible,,,,story,,,jews,,trying,,confront,,demon,,,name,,jesus,,paul,,,,jews,heard,,,works,,,christians,,,demon,told,,,know,jesus,,paul,,,dont´know,,,,,demon,attacked,,,,ran,away,naked,,hurt,,,demon,violence,rituals,don´t,work,,casting,,demon"
,5.0,Jan 3 2017,"great,show,way,better,,,thought,,could,,hope,,see,,second,season"
,4.0,Jan 3 2017,",entertaining,,actually,,,good,job,,keeping,,god,defeats,evil,,,,man"
,5.0,Jan 1 2017,",,,,horror,show,,,able,,scare,,,exorcise,makes,every,hair,,,body,stand,,,love,,,davis,,,great,actress,,,,happy,,see,,back,,,show,,loved,,show,commander,,chief,,,canceled,,,,fan,,disappointed,,,,beautiful,woman,,would,love,,see,,,"
,4.5,Dec 28 2016,"worth,staying,,,,friday,night,great,story,fantastic,twists,actorsactresses,,right,,due,,well,written,,davis,,perfect,,,role,keep,watching,,story,gets,better,,better,,,already,,withdrawal"
,5.0,Dec 27 2016,",show,,amazing,give,watched,every,episode,,,never,disappointed,like,,many,,shows,,stayed,consistently,shocking,throughout,,season,would,really,love,,see,,second,season,,,lot,,episodes,please,bring,,show,back,,deserves,,chance"
,5.0,Dec 26 2016,"amazing,actors,unexpected,plot,twists,,overall,,great,show,stays,,true,,,original,exorcise,plot,lgbtq,friendly,1010"
,5.0,Dec 26 2016,"appreciation,,,religious,accuracies,,make,art"
,5.0,Dec 26 2016,",,,great,show,,dont,understand,,,people,,,watching,,please,lets,save,,show"
,5.0,Dec 22 2016,",show,,,awesome,,season,,,scars,,twists,,,,place,,show,,,done,,well,,would,suggest,,,,person,,loves,,good,scare"
,5.0,Dec 20 2016,"amazing,series,,want,,season"
,5.0,Dec 20 2016,"excellent,series,,want,second,season"
,5.0,Dec 20 2016,",want,,see,,seasons"
,5.0,Dec 20 2016,"smart,,scar,,much,needed,continuation,,,exorcise,sage,,wellwritten,wonderfully,acted,,beautifully,shot,shows,like,,,scarce"
,5.0,Dec 19 2016,"super,compelling,,To,He,Honest,,believe,,things,,truly,happening,,,somewhere"
,5.0,Dec 19 2016,"fantastic,,wait,,season,2,5,,,5,stars"
,4.5,Dec 19 2016,",exorcise,delivers,,strong,well,tied,plot,,,great,cast,,characters,surprisingly,,storyline,,strong,scar,,even,compelling,,return,,,davis,,,screen,,fantastic,,,ending,makes,,,definite,horror,flick,,2016,,,weak,dont,watch,alone,"
,5.0,Dec 19 2016,",,skeptically,,first,,,,pilot,going,forward,,show,exceeded,expectations,,pacing,,great,,,show,focused,,,character,development,,equal,parts,,,horror,elements,,makes,,show,,satisfying,viewing,,emotional,experience"
,5.0,Dec 19 2016,",show,,absolutely,amazing,great,acting,,well,written"
,5.0,Dec 18 2016,"wish,,would,known,,,hidden,gem,sooner,,well,scraped,,highly,entertaining,,wait,,season,2"
,5.0,Dec 18 2016,",favorite,show"
,4.5,Dec 18 2016,"one,,,,surprising,shows,,,year,,,extremely,compelling,characters,,,incredible,performances,,twists,,,really,never,see,coming,,also,includes,,genuinely,bone,shilling,scars,,,fantastic,overall,story,,,,far,one,,,best,things,fox,,done,,,long,time,,definitely,,great,step,,,right,directions,,movie,,,adaptations,,,,much,better,,,,,,makes,,,interested,,,,could,go,,,,,get,renewed,,,season,2,overall,grade,,,season,455,,,"
,4.5,Dec 18 2016,",,shame,,show,,,friday,nights"
,5.0,Dec 17 2016,",marvelous,series,,hope,,second,season"
,5.0,Dec 17 2016,"bring,back,,show,,,second,season,,think,,rocks"
,5.0,Dec 17 2016,",,,far,,best,,series,,,ever,watched,,,,skeptically,,,beginning,due,,,fact,,,movie,,ironic,,,show,surpassed,,expectations,,,long,shot,hoping,,,season,two"
,5.0,Dec 17 2016,"excellent,series,well,done,great,actors,,new,shows,go,overboard,trying,,impress,,end,,attempting,,,,much,,exorcise,remained,controlled,well,paced,,gripping,,,,sorry,,see,,one,go,,,,get,renewed,,,,much,looked,forward,,,,make,crew,deserves,,thousand,gold,medals,,notice,,got,,higher,rating,,,,walking,dead"
,5.0,Dec 17 2016,",plot,,well,written,,,,necessary,elements,,good,horror,show,must,,,exorcise,,,,talented,cast,,,,satisfying,ending,,,like,,complete,story,,narrated,,,10,episodes,,show,,plot,beautifully,unfold,,,twist,,every,turn,,connecting,every,dot,,,end,,really,hope,,show,gets,another,chance,,,returns,,,second,season,,another,adventure,awaits,,two,exercises"
,5.0,Dec 16 2016,",,,far,,best,,,entertaining,show,,,seen,,television,maybe,ever,,,,show,,,would,put,,,par,,,hannibal,,fox,cancers,,show,,,,obviously,run,,idiot"
,5.0,Dec 16 2016,",nice,tight,plot,great,acting"
,3.0,Dec 14 2016,"ok,,started,,,intentions,,,two,grand,,would,,preferred,,simpler,,focused,first,season"
,5.0,Dec 10 2016,",good,story,,,plot,,catches,,merchants"
,4.0,Dec 10 2016,"great,show,please,let,,,,season,2"
,5.0,Dec 9 2016,",,,new,favorite,show,please,let,,,,season,2"
,5.0,Dec 8 2016,"absolutely,love,everything,bought,,show,,wish,,could,,longer,,,hour,allons,always,,mi,corazòn"
,5.0,Dec 7 2016,"brilliant,brilliant,brilliant"
,5.0,Dec 5 2016,"best,horror,series,ever"
,4.5,Dec 4 2016,"brilliant,cast,,production,values,,,elements,,,original,live,inside,,series,,,playing,,present,day,ben,daniel,casting,,father,marcus,,genius,,keep,,eye,,,excellent,,davis,455"
,5.0,Dec 3 2016,"cracking,show,,probably,get,canceled,like,,,,good,shows,,,simpletons,dont,get,"
,5.0,Dec 3 2016,"ah,amazing,,,cancel,,show,,people,,watching,,,,,watch,potato,chip,shows,like,,kardashians,,,,attention,span,,,fly"
,4.5,Dec 3 2016,"professional,critics,opinions,rarely,line,,,,man,,,street,,,,case,,,,program,,,,critics,,showing,,,,wrong,side,,television,history,yes,,exorcise,started,,,,slow,,,viewer,believes,,,,deliberate,step,,,professional,units,,moreover,,smart,move,,,production,tears,part,,,,much,,,desire,,,everything,right,,every,answer,delivered,,due,,today,viewing,audience,maybe,hum,regardless,exorcise,,smart,,navvy,relying,,psychology,,twist,rather,,,overabundance,,supernatural,scars,,jumps,,motivate,,audience,,watch,,,actors,really,give,,,,making,,love,,alternately,despise,,characters,appropriately,giving,,situations,,,,,choice,,make,,,slowly,,,dragging,mystery,,unfolding,,continues,,draw,,faithful,watches,,enough,patience,,,absorbed,,,devilish,world,,truly,enjoying,,show,,,encourage,,,,,disregard,,nativity,,,hightowered,units,,give,,,try"
,5.0,Dec 2 2016,"give,seen,every,episode,,twice,,,,,friday,night,,would,,,viewer,watch,,,like,"
,5.0,Nov 30 2016,",enfants,,favor,,la,quite,los,actors,santo,come,mexicans,,estadounidenses,,bien,,paper,est,series,debería,tender,4,temporadas"
,5.0,Nov 28 2016,",love,,instant,fan"
,5.0,Nov 27 2016,"best,horror,show,,,nowfox,finally,came,"
,4.0,Nov 27 2016,"scar,fantastic,great,performances,,usually,watch,,daylight,look,forward,,,every,week"
,5.0,Nov 27 2016,"excellent,horror,show,,enough,nods,,,classic,,keeping,,,individual,storyline,superb,acting,captivating,writing,,,absolute,thrill,ride,,week,,highly,suggest,,show,,anyone,,enjoys,classic,horror,,,slightest"
,5.0,Nov 26 2016,"love,,,want,"
,5.0,Nov 26 2016,",finally,saw,,end,,,run,,,,people,agent,talking,,,,,,clue,,acting,,direction,writing,alike,,,,show,,,,,,home,theater,,,tell,,get,,lights,low,,get,sucked,,yeah,,,pick,,apart,,,,,,say,"
,5.0,Nov 26 2016,",love,,show,great,acting,,storyline,,hope,,series,continues"
,5.0,Nov 24 2016,",,love,horror,,love,,show"
,5.0,Nov 24 2016,"loved,every,episode,,far,great,acting,hope,,,,renewed"
,4.5,Nov 22 2016,"like,many,others,,,skeptically,,hell,,,heard,,,coming,,sometimes,,feel,like,hollywood,,kind,,giving,,,backward,,,jaw,,,,moves,reached,,television,shows,,,,dislike,,simply,,,,,,,ill,say,,,skeptically,,best,,,2,reasons,,gave,,show,,shot,reason,1,,cargo,series,,ff,,,good,,knew,,,possible,,take,,beloved,movie,,turn,,,something,great,reason,2,,wanted,,see,,,mess,,show,would,,well,,,tell,,,,,turn,,,mess,,,damn,near,brilliant,,pilot,episode,,one,,,best,st,episodes,,,new,season,,,remember,,quite,,time,without,going,,details,,,plot,,much,,dont,want,,give,away,anything,,,,show,stays,faithful,,,source,material,,atmosphere,,terrific,,actors,,,spot,especially,hannah,kaska,,cases,france,,ben,daniel,,father,marcus,deane,,whole,feel,,,show,,,opening,minutes,captures,,mood,,,original,,georgetown,setting,,transplanted,,chicago,many,reasons,,could,go,,,decision,,seemed,relevant,,,think,,city,played,,major,character,,,,,tiens,,,movie,,yet,,,,,confident,,could,pulled,,,,another,way,,show,,,good,,much,actually,creep,,,anymore,,,show,,,job,,,first,episode,,,,watched,,,truly,missing,,,,great,television,,,,age,,,,push,boundary,,boundary,,television,,shows,work,,shows,fail,miserable,,show,workman,works,well,,show,needs,,second,season,watch,,tell,,friends,sorry,,,,bit,,,,place,first,review,ever"
,5.0,Nov 22 2016,"best,show,,fox,please,dont,cancel"
,5.0,Nov 21 2016,"absolutely,love,,show,,seriously,hope,,renew,"
,5.0,Nov 21 2016,",,,favorite,show,,date,,eerie,,frightening,many,,,friends,cannot,watch,,alone,,acting,,super,,,special,effects,,awesome,,love,,,,tied,,,book,,movie,,well,,want,another,season,please"
,5.0,Nov 21 2016,"one,,,best,series,,,watched,,,"
,5.0,Nov 21 2016,"love,love,,show,extremely,scar,keeps,,,,edge,,,seat,every,episode"
,5.0,Nov 21 2016,",,great,show,great,actors,,want,"
,5.0,Nov 21 2016,"love,,show,let,,,,season,2"
,5.0,Nov 21 2016,",muster,,series,,2016,great,show,hope,,,,renewed,,season,2,,ending,,episode,8,,,never,expected,"
,5.0,Nov 21 2016,"exceptional,,every,way,superb,brilliant"
,5.0,Nov 21 2016,",best,scar,show,,,,love,,,story,line,,super,engaging,,ties,,,beautifully,,,original,movie,special,effects,,spot,,well,worth,watching,week,,week"
,5.0,Nov 20 2016,"truly,,best,thing,,happen,,television,,highly,recommend,,show,,everyone,,,seen,,,,start,watching,,,,completely,hooked"
,5.0,Nov 20 2016,",series,must,continue,,acting,,wonderful,,intrigue,,overwhelming,pure,watchable,"
,5.0,Nov 20 2016,"best,horror,drama,show,,,time,good,story,acting,,writing,,character,cases,,awesome,congress,fox,,,,,excited,,,next,chapters,,,second,season,,course"
,5.0,Nov 20 2016,",,show,,,never,ending,thrill,ride,,acting,,amazing,,really,allows,,,feel,,,characters,,feeling,,show,,draw,,,,leave,,begging,,"
,5.0,Nov 20 2016,"excellent,show,excellent"
,5.0,Nov 20 2016,"addicted,,,show"
,5.0,Nov 20 2016,"finally,,horror,,show,,keeps,,attention"
,5.0,Nov 20 2016,",admitting,,wait,,season,2"
,5.0,Nov 20 2016,",show,keeps,getting,better,better"
,5.0,Nov 20 2016,",,one,,,best,,shows,,,seen,,,,long,time,great,scars,interesting,story,line,,,love,,call,backs,,,film,cast,,amazing,,davis,,fabulous"
,5.0,Nov 20 2016,"personally,,think,,show,,much,better,,,movie,brilliant,story,brilliant,characters,brilliant,acting,,,staying,true,,,original,,show,keeps,getting,better,,better,,episode"
,5.0,Nov 20 2016,",show,,amazing,,deserves,,second,season,,,many,twists,,,,watched,,,,better,get,,foxcom,,search,,,episodes,believe,,,worth,,,,hooked,,,show"
,5.0,Nov 20 2016,",show,,,well,written,,,,fan,,horror,moves,,,,stop,watching,,show,well,done"
,5.0,Nov 20 2016,",best,horror,series,,,season,nothing,,nothing,less"
,5.0,Nov 20 2016,"one,,,favorite,shows,,show,gave,,twist,,,,,expecting,,,look,forward,,week,,see,new,episodes"
,5.0,Nov 20 2016,"deserves,way,,recognition,awesome,show,,,wonderful,tribute,,,original,moviebook,id,,sad,,,good,show,like,,would,get,canceled,,,,enough,people,know,,,pump,,,hope"
,5.0,Nov 19 2016,",,,amazing,show,great,writing,great,actors"
,4.0,Nov 19 2016,",really,like,,show,give,,,shot,,first,episode,,get,,attention"
,5.0,Nov 19 2016,",really,enjoy,,show,,,wait,,week,,see,,happens"
,5.0,Nov 19 2016,"one,,,best,shows,,,right,"
,4.0,Nov 19 2016,"best,horror,show,right,,,,great,surprise"
,5.0,Nov 19 2016,",show,,,amazing,,,,well,written,story,,,really,hope,fox,gives,,,chance,,,season,2"
,5.0,Nov 19 2016,",,great,show,love,,,going,,,original,movie,exorcise,love,,,actors,especially,,davis,,wait,,friday,nights,,,,show"
,5.0,Nov 19 2016,",,,,,dull,moment,,,show,yet,,,watched,,,first,episode,,,,,,story,,become,,interesting,,rioting,,,show,goes,,,characters,,developed,nicely,,fact,,,stems,,,book,,sort,,like,,follow,,,,really,made,,awesome,,,expect,,,loved,,angle,,,,presented,superb,story,great,acting"
,5.0,Nov 19 2016,",show,,amazing,,needs,,renew"
,5.0,Nov 19 2016,"best,show,,2016,,,brilliant,true,,,original,great,cast,,grows,stronger,,episode"
,5.0,Nov 19 2016,"captivating,characters,,plot,,keeps,,hooked,disturbing,,frightening,shocks,,show,,undeniably,one,,,better,,,,best,horror,,,got,right,"
,4.5,Nov 19 2016,",show,,highly,underrated"
,4.5,Nov 19 2016,",,spectacular,,love,,,must,continue,,,,seen,anything,like,,,television,,,,shocking,gritty,,fascinating,,people,,never,seen,,,"
,5.0,Nov 19 2016,"excellent,series,genuinely,,psychological,terrifying,without,,reliance,upon,cheap,jump,scars,,halloween,mass,tackle,,popular,demon,possession,angle,,,unique,,intelligent,perspective,,line,,,original,horror,movie,,,,story,,,compelling,,superb,written,,develops,naturally,,,course,,,season,providing,shocking,plot,twists,,surprising,revelation,,fan,,,original,movie,,well,,horror,fan,,general,,,,must,watch"
,5.0,Nov 19 2016,"currently,,far,show,,watch"
,5.0,Nov 19 2016,"fantastic,show,much,,,,,meets,,eye"
,5.0,Nov 19 2016,",,,fiance,love,love,love,,show,,best,,series,,nowplease,dont,cancelseason,2"
,5.0,Nov 18 2016,",brilliantly,rendered,program,,great,use,,characters,plot,storytelling,oh,,horror,,,nothing,,,series,,,,love"
,5.0,Nov 18 2016,"best,scar,show,give,seen,,,,long,time,loving,,,,several,twists,,almost,every,episode,tonight,,,good,great,actors,,davis,really,showed,,,acting,crops,tonight"
,5.0,Nov 18 2016,",love,,show,please,renew,,,,second,season,,keeps,getting,better,,better,"
,5.0,Nov 18 2016,",say,,,series,,one,,,best,new,series,,,would,,,understatement,,,decade,,actually,,series,,,best,series,,come,,,since,supernatural"
,5.0,Nov 18 2016,"sooooooo,good,,tinge,watched,,show,last,saturday,afternoon,,,,hooked,,well,done,,exorcise,priest,,,,good,actor,,whole,cast,,great,,fact,please,give,,,second,season"
,5.0,Nov 18 2016,"exceptional,horror,series,love,,special,effects,,,actors,,writers,far,exceeded,,initial,expectations,,look,forward,,every,episode"
,5.0,Nov 18 2016,"amazing,show,1010,needs,,seasons,,,great,show,highly,recommend,"
,5.0,Nov 18 2016,"best,show,since,supernatural,,,please,renew,season,2"
,5.0,Nov 18 2016,"rioting,,gritty,make,,original,story,,plenty,,twists,,turns"
,4.0,Nov 18 2016,",,loving,,show,great,special,effects,,excellent,acting,,,good,continuation,,,original,movie,In,By,Humble,Opinion"
,5.0,Nov 18 2016,",show,exemplifies,,good,horror,,,,slow,build,unforeseen,plot,twists,,scars,,penetrate,ones,psychic,,,new,chapter,,,case,episode,unfold,,plot,,gets,thicker,,,,show,,must,,watched,,beginning,,end"
,5.0,Nov 18 2016,",show,got,better,,every,episode,many,left,,speechless,,good,,encourage,every,horror,lover,,watch,,,,anxiously,awaiting,,next,season,,,evenings,final"
,5.0,Nov 18 2016,"love,,,really,,,good,series"
,5.0,Nov 18 2016,",show,,amazing,,every,way,acting,story,line,special,effects,,name,,got,,,pays,homage,,,original,film,yet,still,,,,flair,,style,,,skeptically,,first,,,exceeded,,expectations,,show,needs,,stay,,,air,,,renewed"
,5.0,Nov 18 2016,",,,,great,show,,rarely,get,,,,,obsessed,,"
,5.0,Nov 18 2016,",series,gets,better,,,episode,,acting,,amazing,,,plot,holes,,actually,,real,plot,holes,everything,,explained,,,series,,,,mastery,,,,,superior,horror,series,,,nice,treat,,fan,,,original,film,,,,,watched,,movie,,,still,enjoy,,solid,acting,,takes,,time,surprising,twists,,,least,,,sexualhyper,gory,stuff,,get,,attention,,,something,great,,lately,,horror,series,seems,,,,,,would,,rapedeaten,alivecut,,little,pieces,,,"
,5.0,Nov 18 2016,"love,,,absolute,best,way,,spend,,friday,night"
,5.0,Nov 18 2016,"beautiful,,watch,wonderfully,acted,,compelling,scraped,,,,true,gem,,,many,may,overlook,,,brand,tushin"
,5.0,Nov 18 2016,"great,show,,,,link,,,original,film,,,talented,cast,fun,way,,horror,fan,,ease,,,weekend"
,5.0,Nov 18 2016,"great,showenjoy,watching"
,5.0,Nov 17 2016,",love,,,wait,,season,2"
,3.5,Nov 16 2016,",,thought,,donna,thirty,,surprisingly,fun"
,5.0,Nov 15 2016,"great,series,,,amazing,cast,totally,worth,"
,1.0,Nov 12 2016,",,heard,,,show,,,first,time,,got,,excited,,,got,,,,disappointed,,every,episode,let,,,sum,,,,one,word,lame,everything,,wrong,,,show,even,,church,stuff,,completely,inaccurate,,better,yet,false,,missed,opportunity"
,4.5,Nov 11 2016,",season,started,slowly,however,,,watch,,,,beginning,,learn,,appreciate,,answers,,,fan,,waited,,years,,hear,answers,,,happened,,began,,,get,,put,,face,,cut,rowdy,real,fan,,missing,,possibly,rather,fox,knows,,,,,,,something,awesome,,,,thought,started,,,appear,,lump,,coal,,,diamond,,,rough,,tale,,drama,crime,real,evil,incarnate,,,cold,dish,,sweet,sweet,revenge,,,side,,mystery,hmmmmmm,,,,something,awesome,,,,thought,started,,,appear,,lump,,coal,,,diamond,,,rough,,tale,,drama,crime,real,evil,incarnate,,,cold,dish,,sweet,sweet,revenge,,,side,,mystery,hmmmmmm"
,4.5,Nov 10 2016,",,without,,doubt,,,well,written,,acted,show,thus,far,,deserves,,full,5,stars"
,5.0,Nov 4 2016,"great,new,series,love,"
,4.5,Nov 2 2016,"soooooooo,goooood"
,4.0,Nov 1 2016,"started,,got,caught,,,,show,yesterday,,,,go,,,expecting,,,,like,,original,movie,,figured,,would,,,retelling,,like,,,,done,,,story,thus,far,,special,effects,,great,,,,enjoying,,creepgross,factor,throughout,,think,,story,line,,,characters,,good,,,show,,good,,building,,,original,movie,give,heard,,complaints,,,,enough,like,,original,movie,,,think,,thing,,keep,,mind,,,one,,,reasons,,original,,,,,,largely,,,,,,,made,,,,reached,,level,,pop,culture,status,,,dont,think,,,used,,judge,,show"
,4.0,Oct 27 2016,
,4.5,Sep 27 2016,",liked,first,episode,really,good,scenes,scenario,also,"
,3.0,Sep 26 2016,",foxs,new,,series,,exorcise,really,,terrifying,quick,review,,,new,exorcise,,series,,,trend,,,make,many,old,moves,,television,series,,,,devilish,good,,others,,,hellish,bad,honestly,,thought,,new,exorcise,television,show,,fox,would,,dreadful,,figured,,would,,,,watered,,version,,,1973,original,would,,predictable,,,easy,way,,pop,,rating,,,network,,,going,,,horrifically,terrible,,,,Have,A,Vice,May,,show,,,pleasant,surprise,,scars,tension,,overall,,,bad,,,first,episode,,first,episode,,well,acted,,build,,,,disturbing,scenes,,stars,allons,hearers,,,chicago,priest,,,,parishioner,played,,,davis,,believes,,daughter,may,,possessed,,,dramatic,pause,evil,spirit,like,,didnt,see,,coming,also,,come,across,another,priest,played,,ben,daniel,,happens,,,performing,,exorcise,,,young,boy,,show,,,really,creep,visual,images,,instance,,scraggy,sweat,grey,Have,A,Vice,May,darting,,,darkness,,catch,,rat,,crow,scattering,glass,,,lighting,,overall,look,stays,true,,,original,film,,stays,true,,,original,source,material,yet,offers,,new,intelligent,fresh,ideas,,scars,,,real,complaint,,,,points,,show,drags,,,believe,,,tell,,davis,,,strongest,actoractress,,,show,,,parts,,feel,,little,predictable,,,,seen,horror,films,,shows,like,,,,,,,final,within,buddha,thoughts,,foxs,first,episode,,,exorcise,,series,,,,show,,thought,,would,,enjoy,,,,Have,A,Vice,May,,may,stick,around,,see,,exactly,,series,,headed,,,good,scars,,visual,,believe,episode,one,,foxs,,exorcise,ears,,3,,,5,thank,,,reading,,,viewing,,,hope,,,,,amazing,day,,always"
,3.5,Sep 26 2016,",,great,story,,jump,scars,,,,original,still,,,quite,good,,might,get,better"
,4.5,Sep 26 2016,",like,,,going,acting,,good,situations,,realistic,given,,premise"
lee ann s,4.0,Sep 26 2016,",expect,much,,,,show,version,,,thought,,,fairly,decent"
,4.0,Sep 25 2016,"forget,,colonial,marines,exercises,,,definition,,badassest,military,corps"
,4.0,Sep 24 2016,",,final,moments,,,debut,episode,,,new,fox,series,,exorcise,mike,oldfields,classic,instrumental,tubular,bells,begins,,play,,,soundtrack,,musical,reference,,well,earned,,perfectly,situated,adding,gravity,,setting,,tone,,things,,come,though,,,play,host,,,jump,scars,,effective,,cheese,like,,classic,cinematic,counterpart,,exorcise,,,concerned,,atmosphere,,tension,,series,,less,interested,,pea,soup,,overall,special,effects,,effects,,top,notch,,admirably,retained,,,telling,,story,,,supernatural,begins,,intrude,,lives,,characters,,,well,sketched,,dialogue,,excellent,,,cast,superb,,grounded,,real,life,,,nods,,,original,,,startling,conclusion,already,lays,,groundwork,,,inclination,,tell,,,story,,review,,next,weeks,episode,indicates,,,two,attributes,,particularly,appreciated,,,pilot,,,,really,,creep,,,took,,intelligent,approach,,depicting,,struggles,people,experience,,believing,,god,,,day,,age,absolutely,unerring,moments,,,,shilling,scene,,,young,priest,father,thomas,receives,information,,,,find,,man,,,never,met,,,source,,,,business,,able,,provide,,balance,,thought,provoking,discussions,,characters,concerning,,,,,regards,,faith,,,,nods,,,source,,,gotten,,,,way,,hope,,series,continues,,carve,,,nice,,,canon,,,exorcise,,,stands,,,worthy,spiritual,continuation,,,themes,explored,,,original,,,new,story,,characters,opening,,door,,,,play,,,,larger,stage"
,5.0,Sep 23 2016,"fantastic,sequel,series,,loads,,potential,,acting,,especially,fantastic,,,typical,fox,show,,"
,1.0,Sep 23 2016,"dies,pursue,,est,,,vestas,costs,,se,,sacando,de,que,,vena,con,un,mirada,negative,sore,est,products,television,,sacando,el,lady,comparative,con,la,película,del,73,es,un,series,,comienzo,castanet,,,beside,el,upon,la,narrative,dear,much,que,dear,al,usual,las,actions,de,los,personages,done,se,contradict,contantemente,,,siquiera,se,piece,simpatizar,con,al,men,,,,se,,may,forbade,,los,effects,sonorous,porqueee,tiens,elements,clichés,del,terror,que,,,est,canada,de,ver,es,un,version,may,fibre,del,fibro,per,con,much,jump,scare,,chi,,neuro"
,3.0,Sep 23 2016,",,bad,,dont,think,,,watch,,,regular,basis"
,5.0,Sep 23 2016,",good,,scar,,exorcise,,actually,better,,,original"
,5.0,Sep 23 2016,",thought,,,awesome,looking,forward,,seeing,,,rest,,,season,goes"
,4.0,Sep 23 2016,",,fun,ride,,,know,,,expect,,,barren,wasteland,,remarked,,boots,,,,genuinely,gripped,interested,,see,,,goes"
,4.0,Sep 21 2016,",thoroughly,enjoyed,,original,film,,exorcise,,,,special,effects,,,barely,,,jumpscares,,,,scared,,hopefully,,,series,,live,,,,original"
,2.0,Sep 19 2016,"watched,one,episode,,scared,,watch,,rest,ha"
,3.0,Sep 16 2016,",exorcise,feels,like,its,attempting,,reach,,little,higher,,,contemporaries,certainly,,,anything,found,,network,television,,show,,feel,like,,may,,munching,,,weight,,its,equipped,,,,tools,,go,,distance,its,,welcome,addition,,,years,parade,,quality,horror,though,,,room,,improvement"
,3.0,Aug 28 2016,",hard,,recaptured,,original,horror,classic"
Shelly S,0.5,Sep 11 2024,",loved,,first,season,,series,2,seriously,,,six,months,,training,thomas,,allowed,,take,,lead,apparently,pleading,,,possessed,,stay,,,,,part,,,exorcise,ritual,,,scene,,,stolen,,bricks,,shining,,,actually,clutching,,sides,,laughter,,,end,good,,,laugh,,,,sure,,,,intended,,disappointing"
Lucas G,3.5,Aug 4 2024,"second,season,,,good,,,could,,,excellent,,,,darker,,curate,visual,style,,season,1,,,never,really,scar,,,,compelling,story,spoiled,alert,snapping,,creep,little,girl,,,totally,,scar,pretty,dead,wife,,incarnate,,demon,,,real,mistake,,,show,becomes,,bit,,,,,,,,climax,,,completely,notthreatening,also,,abuse,,visions,,dreams…,,,always,,,bad,idea,,,fattest,way,,disengaged,,,story,,problem,,,show,,,,never,unleashed,,true,horror,potential,,feels,,punish,,,sense,,feels,like,,lost,opportunity"
babarizam,3.0,Nov 15 2023,"show,,slow,,,feels,like,,,intentionally,making,,story,,long,,,started,,get,boring,,know,,,viewer,start,,skin,,scenes,,finish,,episode,,20,minutes,instead,,watching,full"
Gareth v,3.5,Jun 24 2023,"stray,slightly,,,made,,,movie,,first,season,,good,,,,,suffers,,insight,,,show,,,stuck,,,,limited,series"
farah r,5.0,Jun 26 2021,",,believe,,exorcise,,get,renewed,,,brilliant,season,like,,one,,topped,,first,one,,expanded,,,whole,,level,ben,daniel,,,insanely,great,actor,,,,,,chance,,continue,,,least,finish,marcus,story"
,5.0,Mar 9 2021,",,,world,would,,cancel,,show,like,,,,time,,finally,supernatural,series,,,,,fan,,ripe,,taking"
Luke S,3.0,Feb 2 2021,"starts,well,,degenerates,,utter,cap,,,shame,,maintained,,sort,,bagging,content,however,campridiculous,,,season,,truly,,death,knell,,,series,,,,wasted,opportunity"
,5.0,Jun 8 2020,",need,,rd,season"
Randall J,5.0,May 26 2020,",recently,discovered,,show,,hull,,,,disappointed,,,wont,get,,season,3"
,5.0,Mar 6 2020,",,finished,,season,2,,netflix,,,discovered,,show,,,canceled,,,,,show,,would,,thought,,would,enjoy,although,,story,lines,,,acting,captured,,right,,,first,episode,,season,one,,,,,,horror,show,,,challenges,,beliefs,exposes,,weaknesses,,allows,us,,discover,,strength,,,hopeful,someone,,picked,,show,,,,interested,,,future,growth,,,characters,,new,people,,meet,along,,journey"
,5.0,Feb 11 2020,",far,,favorite,show,,give,ever,watched,season,2,steps,,,ante,,,supernatural,tillers,,,made,,,,disappointing,,know,,,,new,season,,production,due,,fox,cancellation,,dont,let,,stop,,,enjoying,one,,,best,,shows,,,ever,tired,,television,bravo,,,writers,production,team,,cast"
,4.5,Sep 30 2019,",waiting,,temper,3,"
,5.0,Nov 30 2018,"great,show,interesting,story,,amazing,characters,development,love,,show,highly,recommend"
,4.5,Oct 9 2018,"fantastic,show,,,respects,,bad,,idiot,,fox,,,cancel,"
daniel k,5.0,Sep 27 2018,",far,,best,horror,,series,,,,,,canceled,still,definitely,worth,,watch"
,5.0,Sep 9 2018,",really,love,,,show,,unfortunately,fox,,want,,make,,new,season"
,5.0,Jul 18 2018,",upset,,show,,canceled,truly,scar"
,3.5,May 25 2018,"except,,,first,2,episodes,,,,good,job,blending,,2,storylines,,,,another,welldone,season,,bad,,wont,,back,,"
,5.0,Jan 18 2018,"great,plot,,great,acting,,love,,multicultural,,show,,,well,,look,forward,,seeing,3"
,5.0,Jan 4 2018,"better,,season,1,,viewer,really,becomes,invested,,,characters,thanks,,great,acting,,,tense,plot"
,5.0,Dec 31 2017,"fantastic,engaging,,incredibly,acted,,shows,,,,claim,,levels,,diversity,,,show,,,,diversity,,,exorcise,,also,,,compelling,plot,,keeps,,,,edge,,,seat,,season,,filled,,heart,,definitely,made,,cry,,couple,times,characters,,fully,flushed,,,realized,individuals,,make,,want,,spend,,time,,,,get,,know,,hopefully,fox,,allow,us,,follow,marcus,,thomas,,another,season,,least"
,5.0,Dec 19 2017,"loving,season,2,amazing,story,line,,effects"
,5.0,Dec 17 2017,"great,series,well,done"
,5.0,Dec 17 2017,",,former,catholic,priest,,,protestant,minister,,,,say,holy,vilas,,holy,water,batman,,,incredible,love,,show,,want,,see,,season,three,incredibly,written,acted,1010"
,5.0,Dec 16 2017,"best,,series,everrrrr"
,5.0,Dec 16 2017,",best,intense,show,,,,hope,fox,,hold,,,,one,,must,,,season,3,,beyond,please,dont,let,,go,jena,davis,,,jena,davis,although,,love,,"
,2.5,Dec 16 2017,"love,,show,,,,well,done,,keeps,,,,toes,,,great,storylines,,hope,,gets,renewed,,season,3"
,5.0,Dec 16 2017,"best,season,yet,lets,hope,,,season,3"
,5.0,Dec 15 2017,"fantastic,season,closure,,,outstanding,series,,exorcise,,,far,,best,series,,fox,unfortunately,,rating,,,worst,,,need,,third,season"
,5.0,Dec 15 2017,"amazing,excellent,show,season,3,come,,,,ready,marcus,,thomas,lets,go,directors,fight,fight,fight,work,hard,play,hard,money,money,woowowowowoow,number,1,fanny"
,5.0,Dec 15 2017,",bad,,delegated,,,friday,nights,terrific,horror,wish,,fan,knew,,"
,3.5,Dec 5 2017,",scar,,,fun,season,nonetheless,,,completely,different,storyline,,setting,,season,2,compared,,season,1,,acting,,good,,makes,,show,authentic,could,use,,,,scars,,,,shilling,atmosphere"
,5.0,Dec 2 2017,",show,gets,,,pins,,needles,,watching,every,episode,,,,thought,,,,coming,next,figured,,,,show,gives,,something,unexpected,,better,,,,cast,,really,good,,pprtraying,,character,,immersed,,,emotions,,series,,,like,,,episode,,better,,,last,one,,,always,,awesome,two,thumbs,,definitely,,best,series,give,seen"
,5.0,Nov 24 2017,",version,,,exorcise,,great,season,1,,good,,,,season,,even,better,great,actors,,writers,,,,,scar,,thrilled,moves,,,donna,love,,show"
,5.0,Nov 14 2017,",loved,,first,season,,,,happy,,,going,,,,second,season,,far,,second,season,exceeds,,expectations,,love,"
,5.0,Nov 13 2017,"john,,,fantastic,,"
,5.0,Nov 4 2017,"season,2,,taken,,series,,another,level,,love,,way,,stitched,,lives,,andy,,,kiss,,,lives,,marcus,,thomas,,would,,interesting,,see,,,bring,bent,,,,exorcise,,chicago,brilliant,narration,,amazing,execution,buds,,,team"
,5.0,Nov 4 2017,"great,story,,scar,one,,,favorite,shows,,,,,dont,like,horror,moves"
,5.0,Nov 3 2017,"season,1,,surprisingly,good,well,written,,acted,,still,owed,,much,,,source,material,movie,,book,,,valued,,,luckily,season,2,,following,,,path,,,much,better,,story,,well,paced,,characters,,matter,,one,feels,bad,thinking,,maybe,,wont,,,third,season,,show,deserves,better,rating"
,5.0,Oct 13 2017,",,underrated,show,,,,hard,,convince,people,,watch,,,,,,,misconception,,,,monsteroftheweek,procedure,sorry,grim,fan,,,show,,,collection,,expected,story,beats,,terrible,ff"
